{"args": {"batch_size": 512, "embed_size": 128, "learning_rate": 0.0005, "num_epoch": 100000, "checkpoint_path": "./model/trained_model/checkpoint.pt", "check_every": 1, "record_loss_every": 100, "num_module": 6, "num_bias": 3378, "num_entity": 1244}, "kwargs": {"embed_size": 128, "num_entity": 1244, "num_module": 6, "num_bias": 3378}, "train_losses": [0.6081865620613098, 0.5385387665033341, 0.48968717098236086, 0.449065183699131, 0.4192071887850761, 0.39793193340301514, 0.37882783859968183, 0.36223095655441284, 0.35704234302043913, 0.34837349951267244, 0.3386635333299637, 0.34168287843465805, 0.3249688296020031, 0.3260597039759159, 0.3198523597419262, 0.3136608375608921, 0.315646383613348, 0.3081730397045612, 0.3126000741124153, 0.3185929729044437, 0.31873672410845755, 0.31165057942271235, 0.31400220438838006, 0.2509920421242714, 0.31190914183855056, 0.3096869556605816, 0.30100315660238264, 0.3060310363769531, 0.31169719696044923, 0.3074516300857067, 0.30991805970668795, 0.3089365127682686, 0.3131697836518288, 0.3058228051662445, 0.3035831348598003, 0.3041543419659138, 0.30431395530700683, 0.30036201238632204, 0.3051273287832737, 0.3006257489323616, 0.3054188397526741, 0.31068040058016777, 0.3033550846576691, 0.30379302218556403, 0.3023840901255608, 0.30599295407533644, 0.19755525901913643, 0.3015301221609116, 0.2979137834906578, 0.30669708728790285, 0.3094551919400692, 0.2965838049352169, 0.2963576780259609, 0.3035645069181919, 0.3007847259938717, 0.2965546381473541, 0.30079262420535086, 0.3104337035119534, 0.30948615446686745, 0.3027195231616497, 0.3007511121034622, 0.30577313974499704, 0.3009721878170967, 0.3014592982828617, 0.2964344102144241, 0.30221775829792025, 0.30219028547406196, 0.304892835021019, 0.2991099143028259, 0.1414180341362953, 0.30776248291134833, 0.3056978459656239, 0.29875817134976385, 0.303808821439743, 0.3002169260382652, 0.3017305770516396, 0.3032094779610634, 0.30359581887722015, 0.29973051860928535, 0.30306134521961214, 0.3015946169197559, 0.3008071178197861, 0.29431815341115, 0.2974842719733715, 0.2965608237683773, 0.30593873888254164, 0.29926713794469834, 0.2951441380381584, 0.2959452903270721, 0.29760447412729263, 0.3043383456766605, 0.3023493620753288, 0.0975337028503418, 0.29902310624718664, 0.304126291424036, 0.30017505675554274, 0.29890518039464953, 0.30359892711043357, 0.3004195146262646, 0.2984032203257084, 0.2929001399874687, 0.3007570853829384, 0.2987368731200695, 0.29803271979093554, 0.29888462871313093, 0.2935963276028633, 0.2937058462202549, 0.3037321075797081, 0.2962808930873871, 0.29720153138041494, 0.29726500287652013, 0.30387289583683014, 0.30299226358532905, 0.30595110699534417, 0.2990384550392628, 0.046373111605644224, 0.3035249246656895, 0.29932732969522474, 0.2952493506669998, 0.29972451984882353, 0.29577226012945174, 0.30138213276863096, 0.29020766988396646, 0.2989493764936924, 0.296912250071764, 0.2994339543581009, 0.2982282076776028, 0.2988579024374485, 0.2920831550657749, 0.3080450566112995, 0.3011839185655117, 0.3026698912680149, 0.3018198423087597, 0.2986110197007656, 0.30035896971821785, 0.30096086278557777, 0.2946897435188294, 0.29144987642765047, 0.29760934323072435], "train_losses_ts": [100, 200, 300, 400, 500, 600, 700, 800, 900, 1000, 1100, 1200, 1300, 1400, 1500, 1600, 1700, 1800, 1900, 2000, 2100, 2200, 2300, 2400, 2500, 2600, 2700, 2800, 2900, 3000, 3100, 3200, 3300, 3400, 3500, 3600, 3700, 3800, 3900, 4000, 4100, 4200, 4300, 4400, 4500, 4600, 4700, 4800, 4900, 5000, 5100, 5200, 5300, 5400, 5500, 5600, 5700, 5800, 5900, 6000, 6100, 6200, 6300, 6400, 6500, 6600, 6700, 6800, 6900, 7000, 7100, 7200, 7300, 7400, 7500, 7600, 7700, 7800, 7900, 8000, 8100, 8200, 8300, 8400, 8500, 8600, 8700, 8800, 8900, 9000, 9100, 9200, 9300, 9400, 9500, 9600, 9700, 9800, 9900, 10000, 10100, 10200, 10300, 10400, 10500, 10600, 10700, 10800, 10900, 11000, 11100, 11200, 11300, 11400, 11500, 11600, 11700, 11800, 11900, 12000, 12100, 12200, 12300, 12400, 12500, 12600, 12700, 12800, 12900, 13000, 13100, 13200, 13300, 13400, 13500, 13600, 13700, 13800, 13900], "train_accs": [0.9377804982720084, 0.9379600846163639, 0.9443383507903064, 0.9402500212889915, 0.9452404981539704, 0.9417583779559027], "val_accs": [0.9367236528889851, 0.936503314906258, 0.9428419665164959, 0.9389545749640967, 0.943750860695245, 0.9400405264503945], "val_accs_es": [1, 2, 3, 4, 5, 6], "best_val_acc": 0.943750860695245, "model_e": 5}